{
  "mode": "sequential",
  "method": "lightweight updates",
  "part_num": 1,
  "timings_updates": [
    0.059666666,
    0.055333333,
    0.044000000,
    0.046333333,
    0.039333333,
    0.039666666,
    0.045666666,
    0.040666666,
    0.035333333,
    0.061666666
  ],
  "timings_queries": [
    7.129850505,
    6.349195494,
    0.468863741,
    0.491654904,
    6.354239807,
    7.663678211,
    6.349011578,
    0.105411770,
    12.872649555,
    17.082998425
  ],
  "memory_usages_queries": [
    20142861,
    14901450,
    1108155,
    1079153,
    14745760,
    13392151,
    14518405,
    64531544,
    151513547,
    163787117
  ],
  "timings_updates_total": 0.467666662,
  "timings_queries_total": 64.867553990,
  "duration_total": 65.335220652
}