{
  "mode": "sequential",
  "method": "lightweight updates",
  "part_num": 1,
  "timings_updates": [
    5.153000000,
    4.774666666,
    0.385666666,
    1.304333333,
    0.035000000,
    3.571000000,
    3.956666666,
    0.096333333,
    3.254666666,
    5.129000000
  ],
  "timings_queries": [
    7.214792417,
    7.396179919,
    0.557325487,
    0.528203301,
    6.344787357,
    7.806902308,
    7.680547999,
    0.108890460,
    13.048883328,
    17.181182202
  ],
  "memory_usages_queries": [
    137436474,
    135622186,
    1361303,
    1170384,
    14140648,
    132450600,
    274363993,
    108202876,
    152056540,
    168241877
  ],
  "timings_updates_total": 27.660333330,
  "timings_queries_total": 67.867694778,
  "duration_total": 95.528028108
}