{
  "mode": "sequential",
  "method": "mutation updates",
  "part_num": 1,
  "timings_updates": [
    171.411333333,
    150.969000000,
    59.081333333,
    132.846333333,
    102.533333333,
    129.945000000,
    125.271333333,
    126.937000000,
    98.496333333,
    181.468000000
  ],
  "timings_queries": [
    7.106961050,
    7.267913194,
    0.458390750,
    0.431071263,
    6.323952376,
    7.640662632,
    7.504428145,
    0.102282109,
    12.878105270,
    17.097151847
  ],
  "memory_usages_queries": [
    18384669,
    15599036,
    1271698,
    763349,
    14584746,
    14023863,
    15577472,
    5028630,
    151835277,
    166242976
  ],
  "timings_updates_total": 1278.958999998,
  "timings_queries_total": 66.810918636,
  "duration_total": 1345.769918634
}