{
  "mode": "sequential",
  "method": "mutation updates",
  "part_num": 1,
  "timings_updates": [
    164.142459624,
    144.322402200,
    57.604143898,
    128.353875335,
    98.469733686,
    125.018220044,
    118.616539846,
    122.925762480,
    91.408868078,
    173.786708669
  ],
  "timings_queries": [
    1.718753495,
    0.964236278,
    0.348309819,
    0.364694464,
    0.928440210,
    1.533332494,
    0.998409175,
    0.054850150,
    2.473523095,
    2.964310365
  ],
  "memory_usages_queries": [
    1044652,
    661948,
    422116,
    320745,
    326141,
    380534,
    1236475,
    4748846,
    139750803,
    134707771
  ],
  "timings_updates_total": 1224.648713860,
  "timings_queries_total": 12.348859545,
  "duration_total": 1236.997573405
}
