{
  "mode": "sequential",
  "method": "mutations on the fly",
  "part_num": 1,
  "timings_updates": [
    0.033755827,
    0.033516435,
    0.033790780,
    0.033550173,
    0.033680631,
    0.032651827,
    0.033191450,
    0.032631560,
    0.033252862,
    0.034093612
  ],
  "timings_queries": [
    3.325208143,
    2.223619801,
    1.833926509,
    1.443619054,
    1.982937992,
    2.899728070,
    2.994719557,
    0.061105024,
    3.536380011,
    5.536098428
  ],
  "memory_usages_queries": [
    138099062,
    144086081,
    136752187,
    140822330,
    775153,
    141715414,
    316453617,
    67817110,
    135774586,
    135978173
  ],
  "timings_updates_total": 0.334115157,
  "timings_queries_total": 25.837342589,
  "duration_total": 26.171457746
}
