{
  "mode": "sequential",
  "method": "lightweight updates",
  "part_num": 1,
  "timings_updates": [
    0.563333333,
    0.463000000,
    0.214000000,
    0.182333333,
    0.021666666,
    0.445666666,
    0.391000000,
    0.072333333,
    0.643666666,
    0.502000000
  ],
  "timings_queries": [
    2.040445612,
    1.126501560,
    0.431997054,
    0.438047178,
    1.013568080,
    1.796127170,
    1.174819287,
    0.059323654,
    2.773613052,
    3.479219337
  ],
  "memory_usages_queries": [
    629136,
    135579767,
    657802,
    687484,
    718856,
    651188,
    274093903,
    108517650,
    141041424,
    139560160
  ],
  "timings_updates_total": 3.498999997,
  "timings_queries_total": 14.333661984,
  "duration_total": 17.832661981
}