{
  "mode": "sequential",
  "method": "lightweight updates - join mode",
  "part_num": 1,
  "timings_updates": [
    0.530089357,
    0.494954502,
    0.198155266,
    0.211071486,
    0.057123381,
    0.406693287,
    0.411944183,
    0.109447392,
    0.338103929,
    0.527405380
  ],
  "timings_queries": [
    2.392266228,
    1.439938790,
    0.772574982,
    0.780032104,
    1.429103848,
    2.142628675,
    1.468440323,
    0.080403294,
    3.079675631,
    3.581430880
  ],
  "memory_usages_queries": [
    4149304,
    3971723,
    3603876,
    133874358,
    1181166,
    3642511,
    280214430,
    94754495,
    141264574,
    134962331
  ],
  "timings_updates_total": 3.284988163,
  "timings_queries_total": 17.166494755,
  "duration_total": 20.451482918
}
