{
  "mode": "sequential",
  "method": "lightweight updates",
  "part_num": 1,
  "timings_updates": [
    0.523230926,
    0.500556551,
    0.198180925,
    0.216669820,
    0.057808696,
    0.466447341,
    0.415285313,
    0.109087455,
    0.676571635,
    0.522825236
  ],
  "timings_queries": [
    2.036308665,
    1.123505350,
    0.421929521,
    0.434198038,
    1.002359806,
    1.768733303,
    1.168890020,
    0.060475428,
    2.778654331,
    3.429629942
  ],
  "memory_usages_queries": [
    1053293,
    135555859,
    651290,
    683692,
    886841,
    652240,
    274134345,
    107054327,
    141140003,
    139564912
  ],
  "timings_updates_total": 3.686663898,
  "timings_queries_total": 14.224684404,
  "duration_total": 17.911348302
}
