{
  "mode": "sequential",
  "method": "lightweight updates",
  "part_num": 1,
  "timings_updates": [
    0.036333333,
    0.033666666,
    0.028000000,
    0.028333333,
    0.025666666,
    0.026666666,
    0.027666666,
    0.025333333,
    0.022666666,
    0.036666666
  ],
    "timings_queries": [
    1.925728207,
    1.005870698,
    0.388641649,
    0.424278322,
    1.000857827,
    1.708349590,
    1.004438499,
    0.055840124,
    2.714224971,
    3.373523133
  ],
  "memory_usages_queries": [
    7241825,
    5222980,
    856789,
    750636,
    713129,
    1325568,
    903439,
    64483480,
    138799970,
    136910262
  ],
  "timings_updates_total": 0.290999995,
  "timings_queries_total": 17.356885266,
  "duration_total": 17.647885261
}