{
  "mode": "sequential",
  "method": "lightweight updates",
  "part_num": 1,
  "timings_updates": [
    0.036333333,
    0.033666666,
    0.028000000,
    0.028333333,
    0.025666666,
    0.026666666,
    0.027666666,
    0.025333333,
    0.022666666,
    0.036666666
  ],
  "timings_queries": [
    3.598002179,
    2.707210564,
    0.387595250,
    0.428737470,
    1.008790303,
    1.812503151,
    1.011354606,
    0.058222630,
    2.748507060,
    3.595962053
  ],
  "memory_usages_queries": [
    7241825,
    5222980,
    856789,
    750636,
    713129,
    1325568,
    903439,
    64483480,
    138799970,
    136910262
  ],
  "timings_updates_total": 0.290999995,
  "timings_queries_total": 17.356885266,
  "duration_total": 17.647885261
}