{
  "mode": "sequential",
  "method": "lightweight updates",
  "part_num": 1,
  "timings_updates": [
    0.071826066,
    0.068032115,
    0.064611908,
    0.062831401,
    0.060518873,
    0.060772962,
    0.062730831,
    0.060527522,
    0.057527337,
    0.070698691
  ],
  "timings_queries": [
    1.925728207,
    1.005870698,
    0.388641649,
    0.424278322,
    1.000857827,
    1.708349590,
    1.004438499,
    0.055840124,
    2.714224971,
    3.373523133
  ],
  "memory_usages_queries": [
    1670524,
    941163,
    702155,
    763257,
    1009436,
    840643,
    739517,
    64458664,
    139096625,
    134833130
  ],
  "timings_updates_total": 0.640077706,
  "timings_queries_total": 13.601753020,
  "duration_total": 14.241830726
}
