{
  "mode": "sequential",
  "method": "replacing inserts",
  "part_num": 1,
  "timings_updates": [
    0.036490019,
    0.036812502,
    0.036858780,
    0.037757804,
    0.036734547,
    0.036824024,
    0.037094729,
    0.036730123,
    0.037876791,
    0.036954241
  ],
  "timings_queries": [
    3.254350295,
    2.536075694,
    2.204639312,
    1.932917295,
    2.518689662,
    3.060647396,
    2.976757531,
    0.065353002,
    4.174798748,
    5.161824414
  ],
  "memory_usages_queries": [
    201388442,
    267747096,
    152634337,
    142384847,
    267019153,
    137752609,
    144837715,
    121080360,
    276951900,
    278276967
  ],
  "timings_updates_total": 0.370133560,
  "timings_queries_total": 27.886053349,
  "duration_total": 28.256186909
}
