{
  "mode": "sequential",
  "method": "mutation updates",
  "part_num": 1,
  "timings_updates": [
    163.535030714,
    142.759743398,
    57.723926762,
    127.308824498,
    100.214202826,
    123.555536134,
    118.110289288,
    124.415583501,
    89.785099605,
    172.698920812
  ],
  "timings_queries": [
    1.687014131,
    0.921988645,
    0.340443395,
    0.359319714,
    0.929247360,
    1.525867591,
    0.938252103,
    0.053975269,
    2.487239518,
    2.978607327
  ],
  "memory_usages_queries": [
    1082634,
    509735,
    564128,
    392170,
    325886,
    344766,
    441834,
    5020624,
    139900130,
    134459235
  ],
  "timings_updates_total": 1220.107157538,
  "timings_queries_total": 12.221955053,
  "duration_total": 1232.329112591
}
