{
  "mode": "sequential",
  "method": "mutations on the fly",
  "part_num": 1,
  "timings_updates": [
    0.032810933,
    0.032986705,
    0.033989222,
    0.033003077,
    0.033879906,
    0.033127701,
    0.033201154,
    0.031716330,
    0.035523762,
    0.033939322
  ],
  "timings_queries": [
    3.272178752,
    2.123347072,
    1.890333006,
    1.438393308,
    2.152480071,
    2.832083246,
    2.892622405,
    0.061337552,
    3.371056030,
    5.902737221
  ],
  "memory_usages_queries": [
    135991551,
    137350094,
    134789534,
    140804413,
    134505684,
    134835233,
    146936320,
    64614612,
    911208,
    135514498
  ],
  "timings_updates_total": 0.334178112,
  "timings_queries_total": 25.936568663,
  "duration_total": 26.270746775
}
