{
  "mode": "bulk",
  "method": "postgresql updates",
  "cache_clearing": true,
  "only_post_vacuum": true,
  "timings_updates": [
    392.54141900000000000000,
    392.55517100000000000000,
    383.06379100000000000000,
    389.59700800000000000000,
    0.66168300000000000000,
    392.90577600000000000000,
    398.45699000000000000000,
    383.29790700000000000000,
    391.50383200000000000000
  ],
  "timings_queries_pre_vacuum": [],
  "timings_queries_post_vacuum": [
    97.78803100000000000000,
    87.09438200000000000000,
    87.11343500000000000000,
    87.06448400000000000000,
    86.46481100000000000000,
    87.16598600000000000000,
    87.10706400000000000000,
    96.30342600000000000000,
    89.86777700000000000000
  ],
  "timings_vacuum": [
    0.02540200000000000000,
    1.35445100000000000000,
    0.02327600000000000000,
    0.02171900000000000000,
    0.02348300000000000000,
    1.57740700000000000000,
    0.01681400000000000000,
    0.02354900000000000000,
    0.01838400000000000000
  ],
  "timings_updates_total": 3124.58357700000000000000,
  "timings_queries_pre_vacuum_total": 0,
  "timings_queries_post_vacuum_total": 805.96939600000000000000,
  "timings_vacuum_total": 3.08448500000000000000,
  "duration_total": 3933.63745800000000000000
}
